,sentence
0,By NICHOLAS ROE
1,But how ?
2,And where ?
3,What else ?
4,A grin .
5,The sea ?
6,The earth ?
7,He shrugged .
8,Stephen Gold explains
9,By STEPHEN GOLD
10,By MARTIN PACEY
11,By JONATHAN GLANCEY
12,By MARK STEYN
13,Booze ?
14,Often ?
15,Political expediency .
16,By Daniel John
17,By AUBERON WAUGH
18,By Richard Savill
19,Biological theories
20,Psychological theories
21,Sociological theories
22,CHAPTER NINE
23,Paula guessed .
24,Gary Oliver !
25,Gary suggested .
26,‘ Yep .
27,Paula asked .
28,‘ Perhaps .
29,‘ True .
30,Paula laughed .
31,He grinned .
32,Paula protested .
33,She shrugged .
34,Gary asked .
35,Paula smiled .
36,I asked .
37,I nodded .
38,I grimaced .
39,He paused .
40,Chatterton nodded .
41,I asked .
42,Instead I
43,John Head
44,1
45,2
46,3
47,Judith Whyte
48,Other GIST Interventions
49,5
50,Judith Hughes
51,( p.73 )
52,But what ?
53,ILLEGITIMATE INFERENCES
54,TWENTY-EIGHT
55,Nairobi .
56,Fairfax laughs .
57,Yes .
58,Sorry . ’
59,Nobody moves .
60,Attention . ’
61,‘ Yes .
62,‘ Hooh .
63,‘ No .
64,Claudia rises .
65,Fairfax stops .
66,Claudia interrupts .
67,Claudia rises .
68,Rumpole tonight .
69,Yeah Rumpole and
70,Last one .
71,Coronation Street .
72,Yeah .
73,I am
74,the wheel .
75,Aye ?
76,You never know
77,Oh .
78,Ha .
79,Mhm .
80,Ha .
81,Oh dear !
82,Aye ?
83,Quite interesting .
84,Stuart !
85,Stuart !
86,Hello .
87,Ha .
88,Ha .
89,Aye ?
90,Aye ?
91,Yeah .
92,through .
93,Yeah just
94,I just
95,said smile !
96,Dick ?
97,Dick ?
98,He 's the
99,The
100,man ?
101,No .
102,Tried to .
103,No .
104,Shopping
105,What with ?
106,A shepherd .
107,A shepherd .
108,Oh .
109,Ah ?
110,Aye ?
111,Ah !
112,Yeah anyway it
113,if possible ?
114,Why not ?
115,Oh dear !
116,We had
117,Oh .
118,We 're
119,Are you ?
120,No .
121,Just that normally
122,No .
123,Just the thought
124,Yeah .
125,"Hey yeah ,"
126,Do n't start
127,That a
128,Ah ?
129,Sit !
130,Ha !
131,There 's
132,Its in the
133,Sometimes .
134,upstairs .
135,Do I get
136,so
137,Gateways in
138,Aye ?
139,Do you er
140,Millet ?
141,Sand sheets .
142,What else ?
143,Yeah .
144,Aye ?
145,yeah .
146,"you one ,"
147,Sixty .
148,Yeah .
149,You know .
150,Fags ?
151,Yeah .
152,Any time .
153,Not today .
154,Do n't forget
155,Aye ?
156,Salt ?
157,Tomato puree ?
158,nutmeg ?
159,Oh alright
160,Yeah alright .
161,carrying it .
162,Yeah
163,"Yes ,"
164,You can buy
165,Oy !
166,!
167,Yeah .
168,Very true .
169,Yeah .
170,Ooh !
171,Ooh !
172,When ?
173,Ha ha .
174,Shut up !
175,Shut up !
176,You did .
177,What ?
178,be amazed .
179,You replace the
180,Yeah .
181,Got radio yes
182,What ?
183,Nine o'clock .
184,Aunty Mary .
185,Alright ?
186,No .
187,Do they ?
188,for Tesco and
189,Yeah
190,Ooh !
191,Mm
192,Hiya .
193,Ask yourself
194,Which one ?
195,Yeah ?
196,Yeah
197,Well
198,tomorrow
199,Well I
200,Ann ?
201,No
202,Yeah .
203,are fourteen .
204,Bag here
205,one .
206,Yeah .
207,I know .
208,Any
209,Yeah .
210,Er yeah
211,yeah you can
212,David
213,three weeks
214,that
215,Yep .
216,Yeah .
217,Ha !
218,Yes .
219,Yeah .
220,Oh no !
221,And then watch
222,Yeah he said
223,Yeah .
224,Mm .
225,Yeah .
226,Aha .
227,Oh right .
228,What ?
229,then !
230,Why ?
231,but
232,turn them off
233,No .
234,It 's that
235,a microwave .
236,Yep .
237,Yes .
238,Yeah .
239,Pardon ?
240,Yep .
241,Pardon ?
242,Oh dear .
243,.
244,"Oh , it"
245,Yeah
246,Yeah
247,Oh wow .
248,No .
249,Seems like
250,Thank you darling
251,Yeah
252,"Oh , sorry"
253,"Thanks dear ,"
254,Hello
255,"Er ,"
256,Oh I
257,Hello girls
258,Mm .
259,Oh .
260,Better
261,Yes .
262,Hello .
263,Good morning .
264,No
265,Jean
266,"Yes ,"
267,is she ?
268,.
269,.
270,.
271,Life 's not
272,Oh .
273,Fine .
274,.
275,time .
276,Hi ya
277,Hello
278,Yes
279,Oh
280,I 've got
281,I hope .
282,Yeah .
283,Yeah .
284,many people .
285,so
286,Mm .
287,Whatever
288,Sounds like .
289,Mm .
290,oh there
291,.
292,Probably .
293,"Yeah , well"
294,Oh yeah
295,", yeah ."
296,So its probably
297,Ah
298,would you ?
299,three months
300,What ?
301,Sponsored slim
302,blush then .
303,Yeah
304,Yeah .
305,I
306,.
307,Been there
308,Eh ?
309,shut up
310,.
311,shut up .
312,You be
313,What ?
314,That erm
315,Well
316,for
317,Somebody
318,"Yeah ,"
319,.
320,Got to eat
321,"Chips , fish"
322,"Yeah , I"
323,What now ?
324,","
325,.
326,"No ,"
327,Have they ?
328,"Yeah ,"
329,Pardon ?
330,Be alright ?
331,Well the two
332,Yeah .
333,the worst yeah
334,ticket up
335,Pardon ?
336,yeah .
337,I had eight
338,So
339,What ?
340,You know the
341,Yeah .
342,Yeah .
343,And then something
344,Mm .
345,Well it 's
346,Yeah .
347,Small
348,Oh !
349,Yeah .
350,it ?
351,Yeah but
352,Yeah .
353,Erm
354,In Lancaster ?
355,Ah !
356,Yes .
357,Yes .
358,Yeah .
359,Ah yeah .
360,The
361,I know .
362,Mm mm .
363,Yeah .
364,Yeah .
365,Yeah .
366,Yeah .
367,Yeah .
368,Mm .
369,Well
370,Yeah .
371,Definitely .
372,Yeah .
373,Easy-peasy !
374,You
375,probably need to
376,I 'm
377,Who ?
378,Mr .
379,What for ?
380,Structural alterations .
381,What for ?
382,On what ?
383,Mm .
384,I think .
385,No .
386,I would n't
387,Mm .
388,Yeah .
389,Yeah .
390,in .
391,Right .
392,"Well , no"
393,of this .
394,It is exactly
395,Well I mean
396,eh ?
397,Yeah .
398,Yeah .
399,Right .
400,I did .
401,Disco nights .
402,Mm .
403,Oh .
404,Mm .
405,What ?
406,No .
407,.
408,Yeah .
409,Oh alright .
410,Okay .
411,Ranch House .
412,Oh .
413,Eh ?
414,Yeah .
415,Mm .
416,Yeah .
417,Yeah .
418,Criticizing a
419,No !
420,We are
421,we are erm
422,Yeah definite .
423,Yeah .
424,Cheers .
425,Yeah .
426,Yeah !
427,No .
428,Why ?
429,Does it
430,No .
431,Eh !
432,No .
433,Oh yeah .
434,No .
435,Anywhere .
436,Yeah .
437,You what ?
438,And serve
439,pull pints .
440,Grantham .
441,Yeah .
442,Fucking cashier .
443,.
444,Well you
445,Fucking !
446,Alright then .
447,Yeah .
448,Yeah !
449,Yeah !
450,Oh my
451,Mm .
452,Ah !
453,Here !
454,like .
455,Yeah .
456,Yeah .
457,Yeah .
458,Mm .
459,What ?
460,Right .
461,Right .
462,"No , nonsense"
463,Yeah .
464,night ?
465,Yeah .
466,Ah !
467,Yeah .
468,Yeah .
469,Oh .
470,Bye !
471,Bye .
472,Right .
473,I know .
474,I know .
475,Yeah .
476,Oh sorry .
477,Yeah .
478,Oh !
479,Mm .
480,Yeah .
481,Mm .
482,Yeah .
483,Oh right .
484,Erm
485,No .
486,Mhm mm .
487,Oh !
488,Awful !
489,Yeah .
490,Eh !
491,Yeah .
492,Yeah .
493,So
494,Right .
495,Mm .
496,"Well , true"
497,Yeah .
498,Mm .
499,Mm .
500,I know !
501,Incredible price !
502,You still .
503,No .
504,I know .
505,No .
506,inside here .
507,Mm .
508,Right !
509,Alright .
510,Right .
511,Cheers .
512,Bye !
513,Bye bye .
514,Who Charlotte ?
515,Mm .
516,Not bad .
517,drop off
518,Is it ?
519,Oh no .
520,Oh yes .
521,Everley Brothers ?
522,Oh yeah .
523,Shut up .
524,He is .
525,Yes .
526,Forget it .
527,Yeah ?
528,Yeah .
529,No .
530,God knows .
531,Oh no .
532,Ah
533,Yeah .
534,You sure ?
535,Mmm .
536,Cos Terry
537,Why .
538,I mean
539,This ?
540,Mmm .
541,Oh .
542,Yes .
543,Oh yeah ?
544,Oh .
545,Yes .
546,Obviously .
547,Hello .
548,Your er ?
549,Yes .
550,No .
551,Hopefully .
552,Very helpful .
553,Very helpful .
554,Oh .
555,Why ?
556,Oh right .
557,Biscuits .
558,No no .
559,Right .
560,Chips .
561,Chips .
562,MacDonalds .
563,Mac
564,Good .
565,I mean
566,.
567,Nearly there .
568,I did .
569,Did you ?
570,Yeah .
571,Mm .
572,Gemma lives
573,No .
574,She could .
575,Mm .
576,No .
577,It 's
578,What ?
579,Mm .
580,It is .
581,What ?
582,No .
583,Oh
584,Where ?
585,There .
586,Well
587,Yeah .
588,Oh .
589,Why ?
590,Ronald MacDonald .
591,Do n't !
592,Okay .
593,Stay
594,Stay there .
595,Yes .
596,Look dad .
597,Yeah .
598,Any sauce ?
599,Oy mum .
600,What ?
601,Right .
602,Thank you .
603,Now stop
604,No .
605,Why ?
606,No thanks .
607,Just milk .
608,No .
609,Now please .
610,Go .
611,.
612,No .
613,Okay ?
614,french fries .
615,By FRANK KANE
616,By PETER DICKINSON
617,By HUGH MATHESON
618,By JIM WHITE
619,By CELIA DODD
620,By CHRISTIAN WOLMAR
621,By STEVE BALE
622,By PATRICK BARCLAY
623,By OLIVIA TIMBS
624,By OLIVIA TIMBS
625,By OLIVIA TIMBS
626,By JOHN LICHFIELD
627,Maybe .
628,By JAMES RUPPERT
629,By ROGER BELL
630,By MICHAEL JACKSON
631,By ANNA PAVORD
632,Andrew Bibby reports
633,By ANDREW BIBBY
634,By ANGELA LAMBERT
635,Constable landscapes …
636,By GAVIN STAMP
637,Oriana Baddeley
638,Fig. 1 .
639,Fig. 2 .
640,Fig. 3 .
641,Fig. 4 .
642,Fig. 5 .
643,Fig. 6 .
644,Fig. 7 .
645,Coll .
646,Dolores Olmeda .
647,Fig. 8 .
648,Coll .
649,Fig 9 .
650,Fig. 10 .
651,Leo Eloesser .
652,Fig. 11 .
653,Coll .
654,Fig. 12 .
655,By Hugh Hebert
656,Law Report .
657,The facts .
658,The legislation .
659,The decision .
660,Shiranikha Herbert barrister
661,Natalie Ford Brighton
662,PAGE wom
663,By Stephen Bierley
664,OVERNIGHT FILE
665,Salvesen boost .
666,In short …
667,PAGE
668,Edoardo Amaldi .
669,Nusseibeh …
670,‘ Sorry .
671,‘ No .
672,He hesitated .
673,McLeish considered .
674,‘ Next …
675,Mark sighed .
676,He nodded .
677,The wedding .
678,Mark asked .
679,Mark nodded .
680,Muldoon shrugged .
681,Mark demanded .
682,Mark demanded .
683,Do you ?
684,Mark nodded .
685,Naturally .
686,Mark said .
687,Mark enquired .
688,‘ Sure .
689,HOMICIDE
690,By FRANCESCA SIMON
691,By CHRISTOPHER SOMERVILLE
692,By MARTYN HARRIS
693,By FRANK JOHNSON
694,By MICHAEL PYE
695,Lucas did .
696,By LEWIS JONES
697,By Karen Cooper
698,By GEORGE JONES
699,SUMMARY
700,1 .
701,2 .
702,3 .
703,SWIMMING TRILOBITES
704,1985 ) ?
705,Overview
706,Ian Masser
707,David Rhind
708,Introduction
709,1 .
710,2 .
711,3 .
712,4 .
713,5 .
714,1 .
715,2 .
716,3 .
717,4 .
718,5 .
719,6 .
720,The processes themselves
721,1 .
722,2 .
723,3 .
724,4 .
725,1 .
726,2 .
727,3 .
728,4 .
729,1 .
730,2 .
731,3 .
732,4 .
733,The private sector
734,The local scale
735,1 .
736,2 .
737,3 .
738,1 .
739,2 .
740,3 .
741,4 .
742,5 .
743,1 .
744,2 .
745,3 .
746,4 .
747,5 .
748,1 .
749,2 .
750,3 .
751,4 .
752,5 .
753,6 .
754,7 .
755,8 .
756,9 .
757,10 .
758,1 .
759,2 .
760,3 .
761,4 .
762,5 .
763,6 .
764,What next ?
765,Acknowledgements
766,Introduction
767,Hazard research
768,Hazardous waste disposal
769,Emergency planning
770,Natural hazards
771,Environmental epidemiology
772,Hazardous waste disposal
773,Environmental epidemiology
774,Data availability
775,Spatial statistics
776,‘ Right .
777,And quickly .
778,Forster grunted .
779,Nell shuddered .
780,He hesitated .
781,Nell shuddered .
782,Night .
783,He chuckled .
784,Or both ?
785,To confirm .
786,He shrugged .
787,Nothing .
788,Quietly .
789,And … ’
790,She faltered .
791,Nell shrugged .
792,Understand ?
793,She smiled .
794,A sound .
795,‘ No .
796,I sympathize .
797,No matter .
798,Cook said .
799,‘ Hoity-toity !
800,Cook demanded .
801,‘ Sean ?
802,Ruth asked .
803,‘ Please !
804,I demanded .
805,I persevered .
806,He shrugged .
807,Sweetman stood .
808,Beryl said .
809,‘ Why ?
810,A popular .
811,Probably not .
812,Ten years …
813,Quickly .
814,Conclusion
815,Man-power planning
816,Checklists
817,Routines
818,Knowledge texts
819,Residential units
820,She commented :
821,1
822,2
823,3
824,4
825,5
826,6
827,7
828,8
829,9
830,A. ) .
831,3 .
832,3.1 .
833,The basic equations
834,3.2 .
835,3.4 .
836,PROLOGUE
837,Early .
838,What nonsense .
839,""" Lèse-majesté ."
840,And you ?
841,""" Androgynous ."
842,""" Kenya ."
843,Gilda laughed .
844,‘ Yourself .
845,Clare asked .
846,Thank you !
847,Buzz said .
848,Buzz asked .
849,18
850,Nowak laughed .
851,As hostage .
852,A woman .
853,‘ No .
854,‘ Three .
855,‘ More .
856,Thirty million .
857,Jesus . ’
858,‘ Yes .
859,Sorge shrugged .
860,‘ Goodenache .
861,No more .
862,‘ Bormann .
863,Fucking Bormann .
864,‘ Nordhausen .
865,‘ Ah !
866,‘ No .
867,‘ Was .
868,‘ Yes .
869,He laughed .
870,Yeah .
871,Mm .
872,Mm .
873,Hallo there
874,Oh no .
875,Right .
876,Economy seven .
877,Yeah .
878,Yes .
879,Yeah .
880,Yeah .
881,you ?
882,Oh yes .
883,No .
884,No .
885,That 's
886,Yeah .
887,Yeah .
888,Yeah .
889,Yes .
890,Yeah .
891,No .
892,Okay .
893,And
894,Yeah .
895,The carpets
896,Yes .
897,Right .
898,Oh right .
899,But it
900,No .
901,Yeah .
902,No .
903,Mm .
904,Yeah .
905,Yeah .
906,Yeah .
907,Yeah .
908,Yeah .
909,Yeah .
910,Mm .
911,Mm .
912,Yeah .
913,Yeah .
914,The bathroom
915,No .
916,Yeah .
917,Yeah .
918,It 's quite
919,Very pleasant .
920,Big enough .
921,Yeah .
922,Yeah .
923,Yeah .
924,Mm .
925,Nice .
926,Yeah .
927,Yes .
928,Or
929,Yeah .
930,Yeah .
931,like ours .
932,Yeah .
933,Yeah .
934,Yeah .
935,Yeah .
936,Yeah .
937,Yeah .
938,Yes .
939,It 's
940,Eh ?
941,Mm .
942,Yeah .
943,Yeah .
944,Yeah .
945,Very .
946,Above .
947,Mm .
948,Mm .
949,this one .
950,Yeah .
951,Yes .
952,Yeah .
953,Yeah .
954,Yeah .
955,Yeah .
956,Mm .
957,Mm .
958,Yeah .
959,Terrible .
960,Yes .
961,Very much .
962,They they they
963,allocated parking .
964,Oh good .
965,Oh yeah .
966,No .
967,Mm .
968,Nice .
969,Very nice .
970,yeah .
971,Yes .
972,Yeah .
973,Yeah .
974,No .
975,No .
976,Mm .
977,Mm .
978,No .
979,Really ?
980,Yes .
981,Oh yeah .
982,Yeah .
983,Yeah .
984,One each .
985,Mm .
986,corner there
987,Goodness .
988,Yes
989,A shop .
990,Yeah .
991,I know .
992,Well .
993,nice kitchen .
994,Yeah .
995,Right .
996,Thank you .
997,Yeah .
998,Very nice .
999,Very nice .
1000,Mm .
1001,Yeah .
1002,No .
1003,No .
1004,I crashed
1005,Oh no .
1006,Very nice .
1007,Mm .
1008,Mm .
1009,Yeah .
1010,Mm .
1011,Cos
1012,quite easily .
1013,Lovely .
1014,Thank you .
1015,Oh yeah .
1016,Yes .
1017,Right .
1018,Did he ?
1019,Yeah .
1020,Tt .
1021,Oh Gordon !
1022,No .
1023,Well it 's
1024,Well
1025,Eh ?
1026,yeah .
1027,Yes .
1028,Who must ?
1029,John Smith .
1030,industry
1031,I know .
1032,They do .
1033,Back down .
1034,They do .
1035,Yeah .
1036,Well
1037,No .
1038,No .
1039,Course not .
1040,Now John Smith
1041,No .
1042,With statements .
1043,Mm .
1044,Mm .
1045,No .
1046,Mm .
1047,Oh !
1048,Mm .
1049,Mm .
1050,Tt .
1051,Aye .
1052,Mm .
1053,Mm .
1054,Mm .
1055,very
1056,Not fully .
1057,You know .
1058,Thirty four !
1059,I know !
1060,No .
1061,It is .
1062,Yes .
1063,Oh no !
1064,Oh no !
1065,No .
1066,Did he ?
1067,Yes .
1068,Yeah ?
1069,Yes !
1070,No .
1071,No .
1072,Yeah .
1073,Yes .
1074,Mm !
1075,Never .
1076,No .
1077,No .
1078,No !
1079,Oh yes .
1080,Were we ?
1081,Yes .
1082,Mm .
1083,Yes .
1084,Yes .
1085,Yes .
1086,Yes .
1087,So
1088,Yes .
1089,Yes .
1090,I did .
1091,Yes .
1092,Mm .
1093,Oh yes .
1094,Two years ?
1095,Yeah .
1096,Yeah .
1097,Yeah .
1098,Yeah .
1099,Blimey !
1100,Yes .
1101,Mm mm .
1102,Yes .
1103,Yes .
1104,No .
1105,happening then .
1106,No .
1107,Yeah .
1108,Yeah .
1109,Oh yes .
1110,Yeah .
1111,Mm .
1112,Mm .
1113,Mm .
1114,Mm .
1115,I know .
1116,No .
1117,No .
1118,I know !
1119,I know .
1120,Yeah .
1121,Yeah !
1122,Yeah !
1123,Good God !
1124,Good God !
1125,And er
1126,Goodness me !
1127,No .
1128,Mm .
1129,And he
1130,I mean
1131,No .
1132,Well
1133,Oh .
1134,youngish .
1135,Yes .
1136,I know .
1137,I know .
1138,Yeah .
1139,Mm .
1140,Mm .
1141,Yeah .
1142,Mm .
1143,Aye .
1144,Yes .
1145,Yes .
1146,Yes .
1147,Go home .
1148,Yes .
1149,Yes .
1150,Yeah .
1151,Mm .
1152,Yes .
1153,Mm .
1154,No .
1155,Mm mm .
1156,Oh God !
1157,Yeah .
1158,Phworgh !
1159,Yeah .
1160,Did he ?
1161,Did he ?
1162,Yes !
1163,Mm .
1164,Has he ?
1165,You mm .
1166,Yes .
1167,Yeah .
1168,Aye .
1169,Mm .
1170,Terrible !
1171,Did you ?
1172,No .
1173,Mm .
1174,Mhm .
1175,Yeah .
1176,Mm .
1177,I know .
1178,Yes .
1179,Mm .
1180,Yes .
1181,Yes .
1182,Yeah .
1183,I know .
1184,I wonder
1185,you know
1186,Mm .
1187,Somebody 's .
1188,Pardon ?
1189,Did you ?
1190,Yes .
1191,Mm .
1192,You were saying
1193,Just trying to
1194,Six ?
1195,Yeah .
1196,Seven fifty .
1197,No .
1198,Yeah .
1199,Mm .
1200,in er
1201,Oh yeah .
1202,Yeah .
1203,Oh right .
1204,Two weeks .
1205,"Yeah , well"
1206,Erm
1207,Bloody .
1208,It was
1209,cleaner
1210,Okay .
1211,Glasses .
1212,No .
1213,Mm .
1214,Ten
1215,Yeah .
1216,What ?
1217,drinking .
1218,Mm !
1219,Oh !
1220,Oh !
1221,The little pratt
1222,Obnoxious
1223,dickhead !
1224,Yeah .
1225,Yes .
1226,Yeah .
1227,Yep .
1228,Oh yeah
1229,Mm .
1230,Security guard .
1231,Just !
1232,Oh yeah .
1233,Yeah .
1234,whereas er
1235,I know .
1236,money ?
1237,No !
1238,I put them
1239,Ah .
1240,Sorry !
1241,What are ?
1242,Oh !
1243,Tonight ?
1244,Yeah .
1245,Five bottoms .
1246,Yeah .
1247,Yeah .
1248,Mm !
1249,Where ?
1250,The Empire ?
1251,Yeah .
1252,No .
1253,fingers up .
1254,No !
1255,University
1256,Oh !
1257,Yeah .
1258,Mhm .
1259,Yeah .
1260,Mm .
1261,Oh !
1262,Mm .
1263,No .
1264,No .
1265,Yeah .
1266,No !
1267,Er yeah .
1268,Is it ?
1269,Yeah .
1270,that
1271,Mm .
1272,Yeah .
1273,Yeah .
1274,So er
1275,Well yeah .
1276,Yeah .
1277,quite nice .
1278,Yeah .
1279,Oh yeah .
1280,Mind you
1281,They
1282,Yeah .
1283,Mm .
1284,Mm .
1285,", yeah ."
1286,Mm .
1287,And left .
1288,I know .
1289,No .
1290,Mm .
1291,Oh !
1292,Kelly 's !
1293,Christ !
1294,Mm .
1295,Mm .
1296,Yeah .
1297,Yeah .
1298,Yeah .
1299,Yeah .
1300,Anyway
1301,Mm .
1302,True .
1303,Oh yeah .
1304,Yeah .
1305,Tt .
1306,Oh !
1307,Ah !
1308,So I said
1309,Yeah .
1310,Oh bugger !
1311,Mm .
1312,No .
1313,When ?
1314,Well we did
1315,Yeah the
1316,normal news .
1317,Salford Keys .
1318,Yeah .
1319,Yeah .
1320,All the
1321,Erm
1322,Yeah .
1323,Yep !
1324,Yep !
1325,I agree .
1326,Yeah .
1327,Yeah .
1328,Oh
1329,Typically .
1330,Yeah .
1331,Yeah .
1332,west mysteriously .
1333,Yeah .
1334,Derby
1335,And hopefully
1336,Yeah .
1337,Eh ?
1338,No ?
1339,Pardon ?
1340,Yeah ?
1341,Yeah .
1342,Have you ?
1343,Milk ?
1344,Love him .
1345,O K.
1346,Eh ?
1347,Oh !
1348,Never mind .
1349,Bad news .
1350,Why ?
1351,Oh dear .
1352,at all .
1353,accounts department .
1354,Aha .
1355,Not pleasant .
1356,Are you ?
1357,No .
1358,No ?
1359,Oh right .
1360,You have .
1361,Naughty girl .
1362,Bonk .
1363,Go away .
1364,Does she ?
1365,No ?
1366,Water please .
1367,How soon ?
1368,Yeah .
1369,Probably not .
1370,What ?
1371,You hungry ?
1372,Miss ?
1373,Mm .
1374,Mm .
1375,Pardon ?
1376,Pardon ?
1377,Chose what ?
1378,The cake !
1379,Erm ?
1380,Mhm
1381,Oh yeah .
1382,Aisle ?
1383,All morning .
1384,And erm
1385,Exciting .
1386,We are .
1387,Absolutely .
1388,Me .
1389,We .
1390,Why not ?
1391,Is she ?
1392,Alright ?
1393,pig .
1394,pig .
1395,What ?
1396,Good girl .
1397,trampoline now .
1398,Or
1399,No .
1400,No ?
1401,No
1402,Swansea .
1403,Oh right .
1404,What ?
1405,Oh dear .
1406,Yeah .
1407,Mm .
1408,Come on .
1409,Yeah .
1410,See you later
1411,Polo .
1412,Aha .
1413,Off we go
1414,Bye .
1415,Never mind .
1416,Pardon ?
1417,a man .
1418,No .
1419,No .
1420,You do .
1421,Mm .
1422,Grandma .
1423,Pardon ?
1424,A train .
1425,Pardon ?
1426,Grandma and
1427,Granddad .
1428,Granddad .
1429,What love ?
1430,Not what ?
1431,Pardon ?
1432,Pardon ?
1433,Pardon ?
1434,In here .
1435,What ?
1436,Oh yes .
1437,Oh .
1438,Alright .
1439,Yeah .
1440,Yes .
1441,"Yes , ."
1442,Yes .
1443,Alright .
1444,Oh .
1445,Pardon ?
1446,No .
1447,Yeah .
1448,Yeah .
1449,Twelve pounds .
1450,Girl again .
1451,another go
1452,Yeah .
1453,Oh dear .
1454,Charlotte .
1455,No .
1456,Mm .
1457,cat food .
1458,Meow .
1459,Meow .
1460,Mum .
1461,Mm ?
1462,What ?
1463,And then two
1464,Right .
1465,Er
1466,Right .
1467,Is fifteen .
1468,And then
1469,And sixes
1470,Sixes six
1471,Right .
1472,sixes .
1473,Okay ?
1474,Erm this .
1475,Mm .
1476,Yeah .
1477,Four
1478,Twenty !
1479,Alright .
1480,Yeah .
1481,One .
1482,Right .
1483,Okay ?
1484,Not equations !
1485,Right ?
1486,Oh !
1487,Yeah .
1488,Yeah .
1489,me ?
1490,Right .
1491,Two multiplication
1492,Yeah .
1493,Right .
1494,One .
1495,Six .
1496,Have you got
1497,Three .
1498,six times three
1499,Six .
1500,Yeah ?
1501,one yet .
1502,It 's fours
1503,Yeah .
1504,It
1505,Alright .
1506,Oh !
1507,four .
1508,No !
1509,Nines .
1510,Twenty seven .
1511,Right .
1512,Six nines are
1513,Seven
1514,Sixty three .
1515,Yeah .
1516,Yeah .
1517,Yeah .
1518,I know !
1519,No !
1520,Int it ?
1521,No !
1522,Hey ?
1523,Right .
1524,I know .
1525,Good afternoon .
1526,Yes certainly .
1527,Yeah .
1528,yeah .
1529,Yeah .
1530,Oh .
1531,Er
1532,There 's
1533,Mm .
1534,Yeah .
1535,Mm .
1536,Okay .
1537,Yes please .
1538,Thank you .
1539,Erm
1540,Mm .
1541,Yeah .
1542,And .
1543,You turn right
1544,Please yes .
1545,Thank you .
1546,Sorry .
1547,Thank you .
1548,Thank you .
1549,Right okay .
1550,Erm
1551,From Manchester .
1552,Been
1553,Oh whereabouts ?
1554,Stockport .
1555,Yeah .
1556,Mm .
1557,Road or ?
1558,Yeah .
1559,I know .
1560,Good gracious .
1561,Mm ?
1562,Here .
1563,.
1564,Yes .
1565,Yes .
1566,Mm .
1567,Precisely .
1568,Yeah .
1569,No .
1570,In .
1571,No but what
1572,Mollyrange .
1573,Yeah .
1574,Oh no !
1575,No .
1576,Oh yeah .
1577,Mm .
1578,Well we
1579,Disturbing .
1580,Mm .
1581,Mm .
1582,Oh yeah .
1583,Mm .
1584,Very good .
1585,Mm .
1586,Very good
1587,And er
1588,Yeah .
1589,Yes .
1590,Yes .
1591,Yes .
1592,I know .
1593,Yes .
1594,a sunny day
1595,Yeah .
1596,Yeah yeah .
1597,Yeah .
1598,You know .
1599,Mm .
1600,Mm mm .
1601,Yeah .
1602,Seriously .
1603,Seriously .
1604,Mm .
1605,Mm .
1606,Mm .
1607,Mm .
1608,Mm .
1609,Mm .
1610,Mm .
1611,Yeah .
1612,Oh well
1613,Oh seriously .
1614,Yes .
1615,Yes .
1616,Right .
1617,Mhm .
1618,Magic .
1619,Good gracious .
1620,Mm .
1621,Mm .
1622,I thought
1623,Yes .
1624,Bubye .
1625,Bubye .
1626,Bubye .
1627,Mm .
1628,Round
1629,Have you ?
1630,Mm .
1631,Thank you .
1632,Erm
1633,Oh
1634,Yeah .
1635,Mm .
1636,Mm .
1637,Yes .
1638,Bit too much
1639,Yeah .
1640,Yeah yeah .
1641,Oh yeah ?
1642,Yeah ?
1643,Mm .
1644,Indeed yes .
1645,Exactly .
1646,Mm .
1647,Oh !
1648,Yes exactly .
1649,Mm .
1650,Think .
1651,Yes .
1652,She might .
1653,Erm
1654,Yeah .
1655,Mm .
1656,No .
1657,Mm .
1658,It 's
1659,Mm .
1660,Mm .
1661,Yes .
1662,Marvellous .
1663,Good gracious .
1664,Erm
1665,Erm erm
1666,Yes .
1667,Yes .
1668,Yeah .
1669,Thank you .
1670,Yeah .
1671,Mm .
1672,?
1673,Oh .
1674,Ooh .
1675,Yeah .
1676,Sorry ?
1677,Mm .
1678,Yeah .
1679,Mm .
1680,Oh yeah .
1681,Mm .
1682,Really ?
1683,Mm .
1684,Mm .
1685,Erm I could
1686,No sorry .
1687,Mhm .
1688,Yes .
1689,Yeah .
1690,Yeah .
1691,Well yes .
1692,Yes indeed .
1693,Thank you .
1694,Aha .
1695,Mm .
1696,Right .
1697,Yeah .
1698,oh !
1699,Goodbye .
1700,Bubye .
1701,No bus ?
1702,Mummy .
1703,Mm ?
1704,From
1705,Yes .
1706,after erm
1707,Yes .
1708,They are .
1709,Oh where ?
1710,Oh yeah .
1711,Where ?
1712,There look .
1713,Mm .
1714,Mm .
1715,March winds .
1716,Where ?
1717,Where ?
1718,Mm .
1719,It is .
1720,No .
1721,I remember
1722,Mm .
1723,Right .
1724,Thank you .
1725,Ah .
1726,Mum .
1727,marmite .
1728,Mm .
1729,Very posh .
1730,Candles .
1731,Oh good .
1732,You did .
1733,Mm .
1734,I know .
1735,Inspector Morse .
1736,I know .
1737,No .
1738,Mm .
1739,Stratford ?
1740,Do they ?
1741,Omelette .
1742,An omelette ?
1743,Oh .
1744,Pardon ?
1745,Skinlid .
1746,The skin ?
1747,Is he ?
1748,Mhm .
1749,No .
1750,Where they ?
1751,Mhm .
1752,Did they ?
1753,Mm .
1754,Mm .
1755,Yeah .
1756,Yeah .
1757,Yeah .
1758,Mm .
1759,Mm .
1760,He was .
1761,Oh .
1762,Yeah .
1763,Mm .
1764,Oh Solihull .
1765,Jonathan .
1766,Jonathan .
1767,Oh yes .
1768,Oh right .
1769,have drunk .
1770,Mm .
1771,surprising .
1772,Oh yes .
1773,Yes .
1774,Oh .
1775,Why ?
1776,When ?
1777,Oh .
1778,Would it ?
1779,Oh dear .
1780,No .
1781,Should n't
1782,Oh .
1783,Mummy .
1784,Daddy .
1785,Telly .
1786,Yeah .
1787,Right .
1788,Right .
1789,Cloth .
1790,Right .
1791,Why ?
1792,Yes .
1793,see me .
1794,Yeah .
1795,It does .
1796,Oh .
1797,Right .
1798,Hands now .
1799,All clean .
1800,Other one .
1801,one .
1802,No ?
1803,No .
1804,Am I ?
1805,No you
1806,Mm ?
1807,Yes .
1808,And you watch
1809,Right .
1810,Oh .
1811,Oh .
1812,No .
1813,You watch
1814,Yes .
1815,Right .
1816,Please .
1817,Please .
1818,Probably is .
1819,Yes .
1820,Yeah .
1821,Found .
1822,No !
1823,"Ah ho ,"
1824,Ah !
1825,Ah !
1826,Mm .
1827,What ?
1828,!
1829,Oh yeah .
1830,Stratford ?
1831,Mm .
1832,Is it ?
1833,No .
1834,Twenty ninth .
1835,get one !
1836,Really ?
1837,Yeah .
1838,Yeah .
1839,housework .
1840,Thursday morning .
1841,You what ?
1842,What day ?
1843,Which day ?
1844,Monday .
1845,Are you ?
1846,Oh well
1847,Unpaid !
1848,Well she 'll
1849,Right .
1850,Mm .
1851,And how did
1852,and
1853,Oh !
1854,Oh .
1855,So
1856,Oh .
1857,Alright .
1858,your dad .
1859,Mm .
1860,Cos
1861,And ?
1862,Mm .
1863,Mm .
1864,Mm .
1865,Yeah .
1866,Yeah .
1867,I think .
1868,Yes .
1869,Yes .
1870,Double dose .
1871,Yes .
1872,Yeah .
1873,!
1874,Yeah .
1875,Not gon na
1876,No .
1877,Mm .
1878,Well you just
1879,Mm .
1880,If you !
1881,But I 've
1882,Alright
1883,This page ?
1884,Oh !
1885,Yeah .
1886,And
1887,afternoon .
1888,Yeah .
1889,Yeah .
1890,Oh yeah .
1891,and lots of
1892,Is it
1893,I ca n't
1894,Yes .
1895,just you .
1896,Twin room .
1897,Retired
1898,Ah !
1899,evening meal
1900,How much ?
1901,In that beautiful
1902,beautiful house .
1903,Is it ?
1904,Yeah
1905,Mm .
1906,Really ?
1907,Yeah
1908,Well you tell
1909,Oh right !
1910,I know !
1911,Yeah .
1912,I know .
1913,Yeah .
1914,Mm .
1915,Yeah .
1916,Yeah .
1917,Yeah .
1918,understand it .
1919,Yes !
1920,Oh
1921,just
1922,Hello Dot !
1923,Hello !
1924,Oh !
1925,Oh !
1926,what twenty ?
1927,Yeah .
1928,somehow !
1929,And I 'll
1930,Oh !
1931,No !
1932,Alright .
1933,Right .
1934,Invite .
1935,Yes !
1936,Erm
1937,"No , !"
1938,And the
1939,Yeah .
1940,yeah .
1941,now then .
1942,yeah .
1943,But anyway
1944,She
1945,Yeah but she
1946,Well
1947,Yeah .
1948,Cos she
1949,Oh !
1950,Oh no !
1951,Yeah
1952,They 're all
1953,Yeah .
1954,Yeah .
1955,Yeah .
1956,erm rather than
1957,Yeah .
1958,Why not !
1959,Yeah .
1960,curriculum .
1961,I mean
1962,Oh yeah .
1963,Yeah .
1964,Yeah .
1965,No !
1966,Yeah .
1967,They see .
1968,Yeah .
1969,Shame really .
1970,we 'll give
1971,Oh !
1972,Ooh !
1973,Here 's one
1974,here 's one
1975,oh no
1976,Yeah
1977,This is
1978,Bit of a
1979,"What , was"
1980,It 's
1981,Wednesday
1982,Wednesday well done
1983,I did
1984,Christopher 's school
1985,A whole ?
1986,Erm
1987,Erm apparently
1988,Erm especially
1989,Mum
1990,"No ,"
1991,It 's
1992,Oh dear
1993,Mum
1994,I just wondered
1995,I forgot to
1996,Oh dear
1997,"No ,"
1998,actually
1999,and
2000,they
2001,oh yeah
2002,"Yes , yes"
2003,Yeah
2004,Oh
2005,Oh Tim
2006,I ca n't
2007,Mum
2008,Yeah
2009,No
2010,You do it
2011,What are you
2012,You do it
2013,Do what ?
2014,Mm
2015,That do
2016,Why ?
2017,Er
2018,Anyway
2019,That 's it
2020,"Erm , erm"
2021,read
2022,Yeah
2023,spread it
2024,I am
2025,Mum
2026,Mm
2027,Did you ?
2028,Yeah
2029,Mum
2030,and
2031,Ours do actually
2032,Erm margarine
2033,the margarine
2034,yeah
2035,Marmite
2036,plopped in
2037,Why ?
2038,Why ?
2039,In
2040,Mm .
2041,I 'm
2042,Can I have
2043,With Christopher
2044,It Saturday 's
2045,Mm
2046,Where holiday
2047,No
2048,go home
2049,yeah
2050,"Mm , mm"
2051,Why ?
2052,Oh dear
2053,"Erm ,"
2054,I drop it
2055,Mm
2056,Mum
2057,I 'll be
2058,Amen
2059,Do it again
2060,Do it more
2061,Why ?
2062,Mum
2063,Ok
2064,mum
2065,What ?
2066,Mummy
2067,Yeah I know
2068,Mum
2069,mummy
2070,Bye Tim
2071,well
2072,daddy
2073,it
2074,You it
2075,Why not ?
2076,Yep
2077,My get a
2078,"Oh , oh"
2079,Oh
2080,Mum
2081,Yeah ?
2082,Oh .
2083,Mm .
2084,Yeah .
2085,Yeah .
2086,Yeah .
2087,Yeah .
2088,Mm .
2089,No wonder
2090,Yes love .
2091,Yes they
2092,I ca n't
2093,Oh you know
2094,Stock clearance .
2095,Yeah
2096,Mm .
2097,Mm
2098,Mm .
2099,Yeah
2100,Yippee !
2101,But the
2102,Yeah .
2103,Mm .
2104,Oh .
2105,Yes .
2106,She !
2107,What ?
2108,Yeah .
2109,.
2110,And !
2111,It 's
2112,Yeah .
2113,Yeah .
2114,Mm .
2115,No .
2116,Yeah .
2117,Going there ?
2118,Yeah .
2119,But
2120,I know .
2121,Yeah .
2122,Yeah .
2123,Mm .
2124,Mm .
2125,.
2126,Mhm .
2127,Mm .
2128,I will .
2129,Kimble .
2130,What you ?
2131,Yes .
2132,Hello sweetheart !
2133,"Right , ."
2134,Eighty one .
2135,Well why ?
2136,Twenty five .
2137,Yeah .
2138,in .
2139,Should I ?
2140,Yeah .
2141,No !
2142,Yeah .
2143,Right .
2144,The factory ?
2145,The
2146,Fracture .
2147,factory !
2148,The orthopaedic .
2149,Yes .
2150,Okay .
2151,You what ?
2152,Yes !
2153,.
2154,Yeah .
2155,A man
2156,now !
2157,Station Road .
2158,.
2159,Oh !
2160,Soon be .
2161,Oh !
2162,Yep .
2163,. Yeah ?
2164,No .
2165,She
2166,I
2167,I .
2168,No .
2169,Chocolates ?
2170,.
2171,Why ?
2172,Well !
2173,I mean
2174,Lots of .
2175,Oh !
2176,Invited to .
2177,Bloody well !
2178,.
2179,Oh .
2180,Fifty one .
2181,Yep .
2182,A a .
2183,Kimmy !
2184,Come here !
2185,Yeah .
2186,his lunch .
2187,building .
2188,Yeah .
2189,Oh !
2190,Ha !
2191,This !
2192,Could .
2193,Eight pound ?
2194,Not really .
2195,No !
2196,Yeah .
2197,Alright ?
2198,Yeah .
2199,Normal
2200,Lee !
2201,Watch !
2202,when
2203,Ouch !
2204,Exactly !
2205,Ahhh !
2206,She did !
2207,oi !
2208,the shoe .
2209,Yeah .
2210,Okay .
2211,Well they did
2212,Well chicken .
2213,one
2214,No !
2215,No !
2216,No !
2217,Urgh !
2218,Sit down !
2219,Yeah .
2220,Vicki !
2221,Terrible !
2222,Them two !
2223,Pulling hair !
2224,oi !
2225,Come here !
2226,Oh yes .
2227,But er
2228,mum mum !
2229,hotel .
2230,Yeah she used
2231,to nice .
2232,Ah no !
2233,No !
2234,Yeah .
2235,uncle .
2236,There are !
2237,New baby .
2238,Yeah .
2239,That 's from
2240,That 's the
2241,Canada .
2242,Oh right !
2243,There was a
2244,Aha .
2245,charity match .
2246,No .
2247,It is
2248,First !
2249,Four .
2250,A car !
2251,A car !
2252,What ?
2253,Shut up !
2254,Mummy !
2255,That 's .
2256,Yes .
2257,car !
2258,Mm .
2259,Yes .
2260,Yeah !
2261,And Vicki 's
2262,Seventy six .
2263,!
2264,Wait !
2265,key
2266,Ah .
2267,He Ah !
2268,Yeah .
2269,the first .
2270,Daddy !
2271,They got Vanden
2272,Yeah .
2273,Oh oh !
2274,The German ?
2275,Er
2276,Popoloff !
2277,Hopa .
2278,Hopa .
2279,Mummy !
2280,Mum !
2281,Mum !
2282,Mum !
2283,Cor !
2284,Not good !
2285,Oh well
2286,Tell .
2287,Germany .
2288,No !
2289,!
2290,Vicki !
2291,Yep !
2292,Gently !
2293,Be nice !
2294,Vicki !
2295,Gently !
2296,oi !
2297,Come here !
2298,Oh God !
2299,Nearly !
2300,Gently !
2301,Oh !
2302,Gently !
2303,No !
2304,Get off !
2305,No !
2306,Who come see
2307,Yeah .
2308,Di .
2309,Fifty eight point
2310,Di !
2311,No !
2312,No !
2313,Fifty five
2314,Granddad .
2315,Granddad
2316,Well
2317,No Pete !
2318,Pete ?
2319,Uncle
2320,Stuart .
2321,Banda !
2322,Gerald !
2323,Gerald .
2324,Gerald .
2325,!
2326,Ah !
2327,Give me !
2328,Yeah ?
2329,Granddad .
2330,Oh yeah .
2331,Nanny !
2332,Yes .
2333,What ?
2334,Philip !
2335,Philip !
2336,Here are .
2337,Yeah .
2338,Bander .
2339,Oh !
2340,No .
2341,Ha !
2342,oi !
2343,The
2344,Yeah .
2345,Mm .
2346,hit eye .
2347,No .
2348,Which one ?
2349,Well
2350,Here are !
2351,Car !
2352,Ooh ee !
2353,Mm .
2354,Gone .
2355,Ooh !
2356,Ah mummy !
2357,There 's a
2358,Yeah ?
2359,Ah .
2360,to keep them
2361,Ah .
2362,.
2363,!
2364,Mummy !
2365,Yeah ?
2366,now cos .
2367,They 're seconds
2368,Seventh .
2369,Hey !
2370,Vicki !
2371,Vicki !
2372,Right !
2373,Yeah alright .
2374,Alright .
2375,Oh yeah .
2376,Look !
2377,Yep !
2378,Germans .
2379,Mummy !
2380,Ah !
2381,Vicki !
2382,Not me !
2383,Aye ?
2384,said so .
2385,Mm !
2386,Eight pound !
2387,Ooh !
2388,But mummy !
2389,Mummy !
2390,She .
2391,She .
2392,It 's !
2393,Think so .
2394,Right .
2395,No !
2396,There are Phil
2397,Alright .
2398,Vicki !
2399,Mm mm !
2400,Wee wee !
2401,Oop !
2402,Had my
2403,Wee wee !
2404,No !
2405,last night .
2406,Urgh !
2407,Hello !
2408,Only Mondays .
2409,Your lying again
2410,Well
2411,Who ?
2412,Cake ?
2413,No !
2414,Well
2415,Wee wee !
2416,a minute !
2417,bottle of Taboo
2418,Urgh !
2419,Yeah .
2420,Yeah !
2421,I feel
2422,Yeah but
2423,Ooh yes !
2424,Who me ?
2425,What ?
2426,Yeah .
2427,Yeah !
2428,All that !
2429,Ah ?
2430,Only .
2431,So
2432,What
2433,Ah !
2434,Ooh !
2435,Oh yeah !
2436,Yeah .
2437,Yeah !
2438,Yeah !
2439,Yeah .
2440,not likely !
2441,Yeah .
2442,Mm .
2443,?
2444,Anyway
2445,Ooh !
2446,Ooh !
2447,No !
2448,Ooh !
2449,Here comes the
2450,I want a
2451,Ooh !
2452,Ooh !
2453,Ooh !
2454,Ooh !
2455,Ooh !
2456,Ooh !
2457,Ooh !
2458,Ooh !
2459,Ooh !
2460,Ooh !
2461,Wee wee !
2462,Wee !
2463,Wee wee !
2464,See him .
2465,Go away !
2466,Yeah !
2467,Go away !
2468,Well won yesterday
2469,Aye !
2470,No !
2471,But
2472,Wee wee .
2473,Ooh !
2474,Get up !
2475,Yeah .
2476,Alright then .
2477,Shut up !
2478,Who ?
2479,What thing ?
2480,And you
2481,Wow !
2482,Twenty four !
2483,Yeah .
2484,Ready ?
2485,him .
2486,Yeah .
2487,What time ?
2488,See look !
2489,Look macho .
2490,Yes ?
2491,Ooh !
2492,No
2493,Yeah tomorrow
2494,Tomorrow
2495,Hmm hmm
2496,Arms
2497,Did he ?
2498,Yes .
2499,Yes .
2500,Ahh .
2501,Mmm
2502,She
2503,Yes yes
2504,Mm ?
2505,Hmm ?
2506,No here .
2507,military service
2508,Mm mm
2509,Mm mm
2510,Yeah .
2511,Hmm hm
2512,Westland ?
2513,Hmm mm .
2514,Yes um .
2515,Hmm hmm .
2516,No
2517,No
2518,Hmm hmm
2519,Hmm hmm
2520,Yeah
2521,Hmm .
2522,Mm
2523,Yeah ?
2524,Yeah .
2525,Yeah ?
2526,Hmm hmm
2527,and deafness hmm
2528,Yeah
2529,Really ?
2530,Yeah
2531,Well yes
2532,I know
2533,Really ?
2534,Yes
2535,Hmm
2536,Yes .
2537,Yes .
2538,Yes
2539,Some do
2540,No not really
2541,No .
2542,Yes
2543,Yes
2544,Hmm hmm
2545,No ?
2546,Some coffee ?
2547,Hmm yes
2548,Good
2549,No thanks
2550,No thanks
2551,Oh
2552,What ?
2553,Yes yes
2554,Have you vegetables
2555,No no
2556,No no really
2557,Really ?
2558,Sure
2559,No
2560,Okay .
2561,Whose that ?
2562,Hmm ?
2563,Yes ?
2564,Hmm ?
2565,You would ?
2566,I really would
2567,I would rather
2568,Yeah .
2569,Hmm .
2570,Not here ?
2571,No
2572,Oh when ?
2573,No
2574,No .
2575,Hmm I have
2576,Hmm ?
2577,Really ?
2578,Really ?
2579,Yes
2580,I think .
2581,Not very much
2582,Yes
2583,Yes
2584,No ?
2585,Oh !
2586,But I
2587,Yes ?
2588,Lyon ?
2589,Lyon
2590,No
2591,At at
2592,Yes
2593,I am
2594,No .
2595,It will rain
2596,Who said .
2597,I like it
2598,There is September
2599,I like
2600,Hmm
2601,It is n't
2602,Hmm .
2603,Ah no !
2604,I know
2605,Coffee
2606,Oh !
2607,Yes
2608,Well
2609,To where ?
2610,Hmm hmm
2611,overlap
2612,Really ?
2613,Floods
2614,Yes .
2615,Yes
2616,Oh !
2617,So
2618,I sleep better
2619,No .
2620,Dear me !
2621,What next ?
2622,Ah !
2623,Where ?
2624,Mmm really ?
2625,Really really
2626,It is
2627,Oh !
2628,Why not ?
2629,No .
2630,Go
2631,No no
2632,Very nice very
2633,Sure
2634,Yes .
2635,Yeah
2636,Hmm .
2637,No
2638,Hmm
2639,Hmm .
2640,France
2641,Okay yes
2642,Yeah
2643,El is beautiful
2644,Is it ?
2645,We are .
2646,Mmm
2647,Bromley
2648,Quite
2649,What ?
2650,Really ?
2651,Ca n't
2652,Hmm ?
2653,with the soda
2654,No just
2655,Oh !
2656,Isobel wants
2657,Yes
2658,Three weeks .
2659,Oh !
2660,Hmm hmm .
2661,Really ?
2662,Hmm .
2663,Really ?
2664,Yes .
2665,I know .
